"Sexe";"Age";"Contrat";"Durée hebdo";"Salaire base mensuel";"%variable_moyen";"Augmentation";"Promotion";"Ancienneté_an";"Service";"Work_accident";"Niveau de satisfaction";"DureeContrat(TC/TP)";"ClasseAge";"SalaireTotal";"Age10";"Genre";"Ancieneté_classe";"Nb_Salarié";"SalaireTotalMens_classe"
"F";46;"CDI";"35";9873.5;13;"0";"0";22.5;"Consultant";"Non";60;"Temps Complet";"40ans-49ans";11157.05;"50.0";"Femme";"Cat4 : 15ans et plus";1;"Cat5 : plus de 9000€"
"H";67;"CDI";"35";4296.7167;39;"0";"1";10.8;"Consultant";"Non";39;"Temps Complet";"60ans et plus";5972.44;"70.0";"Homme";"Cat3 : 10ans-15ans";1;"Cat3 : 4000€-6000€"
"F";52;"CDI";"35";3705.2167;29;"1";"1";13;"RH";"Oui";62;"Temps Complet";"50ans-59ans";4779.73;"50.0";"Femme";"Cat3 : 10ans-15ans";1;"Cat3 : 4000€-6000€"
"H";58;"CDI";"35";1697.15;17;"1";"0";21.7;"Consultant";"Non";98;"Temps Complet";"50ans-59ans";1985.67;"60.0";"Homme";"Cat4 : 15ans et plus";1;"Cat1 : Moins de 2000€"
"H";39;"CDD";"35";2848.3;15;"1";"0";3.3;"R&D";"Oui";81;"Temps Complet";"30ans-39ans";3275.54;"40.0";"Homme";"Cat1 : Moins de 5 ans";1;"Cat2 : 2000€-4000€"
"H";53;"CDI";"35";5464.55;34;"0";"0";10.5;"Commercial";"Non";47;"Temps Complet";"50ans-59ans";7322.5;"50.0";"Homme";"Cat3 : 10ans-15ans";1;"Cat4 : 6000€-9000€"
"H";46;"CDI";"35";9999.3833;27;"0";"1";17.8;"Marketing";"Oui";34;"Temps Complet";"40ans-49ans";12699.22;"50.0";"Homme";"Cat4 : 15ans et plus";1;"Cat5 : plus de 9000€"
"F";67;"CDI";"24";3116.88;37;"0";"1";8.2;"RH";"Oui";48;"Temps Partiel";"60ans et plus";4270.13;"70.0";"Femme";"Cat2 : 5ans-10ans";1;"Cat3 : 4000€-6000€"
"H";37;"CDI";"24";5462.08;39;"0";"1";7.5;"Marketing";"Non";25;"Temps Partiel";"30ans-39ans";7592.29;"40.0";"Homme";"Cat2 : 5ans-10ans";1;"Cat4 : 6000€-9000€"
"H";43;"CDI";"35";2769.4333;33;"0";"0";18.9;"Compta Finances";"Oui";89;"Temps Complet";"40ans-49ans";3683.35;"40.0";"Homme";"Cat4 : 15ans et plus";1;"Cat2 : 2000€-4000€"
"F";67;"CDI";"35";5522.1833;9;"1";"1";5.9;"RH";"Oui";7;"Temps Complet";"60ans et plus";6019.18;"70.0";"Femme";"Cat2 : 5ans-10ans";1;"Cat4 : 6000€-9000€"
"F";43;"CDI";"35";7308.8167;12;"0";"1";20.2;"Consultant";"Non";24;"Temps Complet";"40ans-49ans";8185.87;"40.0";"Femme";"Cat4 : 15ans et plus";1;"Cat4 : 6000€-9000€"
"F";57;"CDI";"24";5895.76;23;"1";"1";22.4;"Commercial";"Non";15;"Temps Partiel";"50ans-59ans";7251.78;"60.0";"Femme";"Cat4 : 15ans et plus";1;"Cat4 : 6000€-9000€"
"H";59;"CDI";"35";7081.3167;26;"0";"1";20;"R&D";"Non";31;"Temps Complet";"50ans-59ans";8922.46;"60.0";"Homme";"Cat4 : 15ans et plus";1;"Cat4 : 6000€-9000€"
"H";52;"CDI";"35";6195.5833;23;"0";"1";13.1;"Commercial";"Oui";56;"Temps Complet";"50ans-59ans";7620.57;"50.0";"Homme";"Cat3 : 10ans-15ans";1;"Cat4 : 6000€-9000€"
"H";51;"CDI";"35";5517.6333;23;"1";"1";23.3;"Marketing";"Non";81;"Temps Complet";"50ans-59ans";6786.69;"50.0";"Homme";"Cat4 : 15ans et plus";1;"Cat4 : 6000€-9000€"
"H";42;"CDI";"35";8458.45;1;"0";"0";15.2;"R&D";"Non";35;"Temps Complet";"40ans-49ans";8543.03;"40.0";"Homme";"Cat4 : 15ans et plus";1;"Cat4 : 6000€-9000€"
"F";51;"CDI";"35";2132.4333;18;"1";"1";3.2;"Consultant";"Oui";60;"Temps Complet";"50ans-59ans";2516.27;"50.0";"Femme";"Cat1 : Moins de 5 ans";1;"Cat2 : 2000€-4000€"
"F";67;"CDI";"35";3097.0333;13;"0";"0";25;"Consultant";"Non";19;"Temps Complet";"60ans et plus";3499.65;"70.0";"Femme";"Cat4 : 15ans et plus";1;"Cat2 : 2000€-4000€"
"F";67;"CDI";"35";8218.8167;14;"0";"1";16.3;"Compta Finances";"Oui";32;"Temps Complet";"60ans et plus";9369.45;"70.0";"Femme";"Cat4 : 15ans et plus";1;"Cat5 : plus de 9000€"
"F";50;"CDI";"35";5388.7167;30;"1";"0";8.4;"Consultant";"Oui";51;"Temps Complet";"50ans-59ans";7005.33;"50.0";"Femme";"Cat2 : 5ans-10ans";1;"Cat4 : 6000€-9000€"
"H";53;"CDI";"35";1873.0833;27;"0";"0";12.2;"Consultant";"Oui";45;"Temps Complet";"50ans-59ans";2378.82;"50.0";"Homme";"Cat3 : 10ans-15ans";1;"Cat2 : 2000€-4000€"
"F";53;"CDI";"35";4152.6333;7;"1";"1";15.8;"Commercial";"Oui";60;"Temps Complet";"50ans-59ans";4443.32;"50.0";"Femme";"Cat4 : 15ans et plus";1;"Cat3 : 4000€-6000€"
"H";64;"CDI";"35";9096.9667;21;"0";"1";5.8;"R&D";"Oui";8;"Temps Complet";"60ans et plus";11007.33;"60.0";"Homme";"Cat2 : 5ans-10ans";1;"Cat5 : plus de 9000€"
"H";62;"CDI";"35";7264.8333;31;"0";"1";15.6;"Marketing";"Oui";64;"Temps Complet";"60ans et plus";9516.93;"60.0";"Homme";"Cat4 : 15ans et plus";1;"Cat5 : plus de 9000€"
"F";35;"CDI";"35";2052.05;13;"1";"1";5.3;"Compta Finances";"Oui";12;"Temps Complet";"30ans-39ans";2318.82;"40.0";"Femme";"Cat2 : 5ans-10ans";1;"Cat2 : 2000€-4000€"
"F";54;"CDD";"32";2496;21;;;1.3;"Consultant";"Oui";6;"Temps Partiel";"50ans-59ans";3020.16;"50.0";"Femme";"Cat1 : Moins de 5 ans";1;"Cat2 : 2000€-4000€"
"H";67;"CDI";"35";2767.9167;6;"1";"0";9.2;"RH";"Oui";88;"Temps Complet";"60ans et plus";2933.99;"70.0";"Homme";"Cat2 : 5ans-10ans";1;"Cat2 : 2000€-4000€"
"H";36;"CDI";"35";3486.8167;19;"0";"1";3.1;"RH";"Non";65;"Temps Complet";"30ans-39ans";4149.31;"40.0";"Homme";"Cat1 : Moins de 5 ans";1;"Cat3 : 4000€-6000€"
"H";55;"CDI";"24";1709.76;10;"1";"1";10.3;"Consultant";"Oui";87;"Temps Partiel";"50ans-59ans";1880.74;"60.0";"Homme";"Cat3 : 10ans-15ans";1;"Cat1 : Moins de 2000€"
"F";63;"CDI";"35";3165.2833;0;"0";"1";6.8;"Commercial";"Oui";67;"Temps Complet";"60ans et plus";3165.28;"60.0";"Femme";"Cat2 : 5ans-10ans";1;"Cat2 : 2000€-4000€"
"H";52;"CDI";"35";6002.9667;2;"1";"1";22.8;"Marketing";"Oui";70;"Temps Complet";"50ans-59ans";6123.03;"50.0";"Homme";"Cat4 : 15ans et plus";1;"Cat4 : 6000€-9000€"
"H";35;"CDI";"35";2998.45;21;"1";"1";8.2;"Marketing";"Oui";22;"Temps Complet";"30ans-39ans";3628.12;"40.0";"Homme";"Cat2 : 5ans-10ans";1;"Cat2 : 2000€-4000€"
"H";54;"CDI";"35";3508.05;11;"0";"1";24;"RH";"Oui";92;"Temps Complet";"50ans-59ans";3893.94;"50.0";"Homme";"Cat4 : 15ans et plus";1;"Cat2 : 2000€-4000€"
"H";46;"CDI";"35";3232.0167;35;"0";"0";24.4;"Consultant";"Non";36;"Temps Complet";"40ans-49ans";4363.22;"50.0";"Homme";"Cat4 : 15ans et plus";1;"Cat3 : 4000€-6000€"
"H";50;"CDI";"28";1851.5467;19;"0";"1";23.7;"Consultant";"Oui";15;"Temps Partiel";"50ans-59ans";2203.34;"50.0";"Homme";"Cat4 : 15ans et plus";1;"Cat2 : 2000€-4000€"
"H";66;"CDI";"35";5359.9;4;"1";"0";15.7;"RH";"Non";80;"Temps Complet";"60ans et plus";5574.3;"70.0";"Homme";"Cat4 : 15ans et plus";1;"Cat3 : 4000€-6000€"
"H";48;"CDI";"35";9069.6667;1;"0";"0";18.4;"Commercial";"Non";11;"Temps Complet";"40ans-49ans";9160.36;"50.0";"Homme";"Cat4 : 15ans et plus";1;"Cat5 : plus de 9000€"
"F";65;"CDI";"35";7377.0667;17;"1";"1";6;"Compta Finances";"Oui";70;"Temps Complet";"60ans et plus";8631.17;"60.0";"Femme";"Cat2 : 5ans-10ans";1;"Cat4 : 6000€-9000€"
"F";43;"CDI";"35";7157.15;3;"0";"0";3.7;"RH";"Oui";6;"Temps Complet";"40ans-49ans";7371.86;"40.0";"Femme";"Cat1 : Moins de 5 ans";1;"Cat4 : 6000€-9000€"
"H";61;"CDI";"35";8714.7667;37;"1";"0";15.6;"Commercial";"Non";80;"Temps Complet";"60ans et plus";11939.23;"60.0";"Homme";"Cat4 : 15ans et plus";1;"Cat5 : plus de 9000€"
"F";31;"CDI";"35";2070.25;24;"0";"0";9.3;"Consultant";"Non";95;"Temps Complet";"30ans-39ans";2567.11;"30.0";"Femme";"Cat2 : 5ans-10ans";1;"Cat2 : 2000€-4000€"
"H";54;"CDI";"35";8073.2167;38;"1";"1";15.7;"Compta Finances";"Non";70;"Temps Complet";"50ans-59ans";11141.04;"50.0";"Homme";"Cat4 : 15ans et plus";1;"Cat5 : plus de 9000€"
"H";46;"CDI";"35";1651.65;18;"0";"0";17.1;"Consultant";"Non";69;"Temps Complet";"40ans-49ans";1948.95;"50.0";"Homme";"Cat4 : 15ans et plus";1;"Cat1 : Moins de 2000€"
"F";49;"CDI";"35";4516.6333;34;"1";"0";17.4;"Consultant";"Oui";90;"Temps Complet";"40ans-49ans";6052.29;"50.0";"Femme";"Cat4 : 15ans et plus";1;"Cat4 : 6000€-9000€"
"H";53;"CDI";"35";3383.6833;23;"0";"0";17.2;"Compta Finances";"Oui";56;"Temps Complet";"50ans-59ans";4161.93;"50.0";"Homme";"Cat4 : 15ans et plus";1;"Cat3 : 4000€-6000€"
"F";50;"CDD";"35";3168.3167;10;;;1.4;"Consultant";"Non";18;"Temps Complet";"50ans-59ans";3485.15;"50.0";"Femme";"Cat1 : Moins de 5 ans";1;"Cat2 : 2000€-4000€"
"H";57;"CDI";"35";4499.95;22;"1";"0";5.8;"RH";"Oui";46;"Temps Complet";"50ans-59ans";5489.94;"60.0";"Homme";"Cat2 : 5ans-10ans";1;"Cat3 : 4000€-6000€"
"H";41;"CDD";"35";1989.8667;5;;;1.4;"Marketing";"Non";19;"Temps Complet";"40ans-49ans";2089.36;"40.0";"Homme";"Cat1 : Moins de 5 ans";1;"Cat2 : 2000€-4000€"
"F";39;"CDI";"35";1863.9833;12;"1";"1";2.5;"Marketing";"Non";67;"Temps Complet";"30ans-39ans";2087.66;"40.0";"Femme";"Cat1 : Moins de 5 ans";1;"Cat2 : 2000€-4000€"
"F";51;"CDI";"35";9366.9333;8;"1";"1";9.1;"R&D";"Oui";74;"Temps Complet";"50ans-59ans";10116.29;"50.0";"Femme";"Cat2 : 5ans-10ans";1;"Cat5 : plus de 9000€"
"H";62;"CDI";"24";6842.16;21;"1";"1";23.9;"Marketing";"Non";1;"Temps Partiel";"60ans et plus";8279.01;"60.0";"Homme";"Cat4 : 15ans et plus";1;"Cat4 : 6000€-9000€"
"F";50;"CDD";"35";3185;3;;;1.7;"Commercial";"Oui";58;"Temps Complet";"50ans-59ans";3280.55;"50.0";"Femme";"Cat1 : Moins de 5 ans";1;"Cat2 : 2000€-4000€"
"H";52;"CDI";"35";3582.3667;30;"1";"1";22.4;"Marketing";"Non";81;"Temps Complet";"50ans-59ans";4657.08;"50.0";"Homme";"Cat4 : 15ans et plus";1;"Cat3 : 4000€-6000€"
"H";60;"CDI";"35";1833.65;8;"0";"1";8.2;"Compta Finances";"Non";17;"Temps Complet";"60ans et plus";1980.34;"60.0";"Homme";"Cat2 : 5ans-10ans";1;"Cat1 : Moins de 2000€"
"F";40;"CDI";"35";6356.35;26;"1";"0";4.2;"R&D";"Oui";4;"Temps Complet";"40ans-49ans";8009;"40.0";"Femme";"Cat1 : Moins de 5 ans";1;"Cat4 : 6000€-9000€"
"F";66;"CDD";"35";3033.3333;8;;;0.4;"Consultant";"Oui";24;"Temps Complet";"60ans et plus";3276;"70.0";"Femme";"Cat1 : Moins de 5 ans";1;"Cat2 : 2000€-4000€"
"F";46;"CDI";"35";7672.8167;37;"1";"1";3.8;"Consultant";"Non";77;"Temps Complet";"40ans-49ans";10511.76;"50.0";"Femme";"Cat1 : Moins de 5 ans";1;"Cat5 : plus de 9000€"
"H";55;"CDI";"24";1110.72;14;"1";"1";6.3;"Consultant";"Oui";30;"Temps Partiel";"50ans-59ans";1266.22;"60.0";"Homme";"Cat2 : 5ans-10ans";1;"Cat1 : Moins de 2000€"
"H";58;"CDI";"24";5448.56;30;"0";"1";7.3;"Consultant";"Oui";51;"Temps Partiel";"50ans-59ans";7083.13;"60.0";"Homme";"Cat2 : 5ans-10ans";1;"Cat4 : 6000€-9000€"
"H";42;"CDI";"35";1835.1667;6;"0";"1";19;"Compta Finances";"Non";15;"Temps Complet";"40ans-49ans";1945.28;"40.0";"Homme";"Cat4 : 15ans et plus";1;"Cat1 : Moins de 2000€"
"F";64;"CDI";"35";8056.5333;13;"0";"1";10.3;"Compta Finances";"Non";32;"Temps Complet";"60ans et plus";9103.88;"60.0";"Femme";"Cat3 : 10ans-15ans";1;"Cat5 : plus de 9000€"
"H";57;"CDI";"35";9737;12;"1";"1";7.4;"Consultant";"Oui";72;"Temps Complet";"50ans-59ans";10905.44;"60.0";"Homme";"Cat2 : 5ans-10ans";1;"Cat5 : plus de 9000€"
"F";44;"CDI";"35";5581.3333;20;"1";"0";23.9;"Commercial";"Oui";86;"Temps Complet";"40ans-49ans";6697.6;"40.0";"Femme";"Cat4 : 15ans et plus";1;"Cat4 : 6000€-9000€"
"F";38;"CDI";"35";5056.5667;24;"1";"1";16.2;"RH";"Non";46;"Temps Complet";"30ans-39ans";6270.14;"40.0";"Femme";"Cat4 : 15ans et plus";1;"Cat4 : 6000€-9000€"
"H";35;"CDI";"35";9039.3333;20;"1";"1";10.7;"RH";"Oui";1;"Temps Complet";"30ans-39ans";10847.2;"40.0";"Homme";"Cat3 : 10ans-15ans";1;"Cat5 : plus de 9000€"
"F";58;"CDD";"35";2881.6667;27;;;1.9;"Commercial";"Oui";76;"Temps Complet";"50ans-59ans";3659.72;"60.0";"Femme";"Cat1 : Moins de 5 ans";1;"Cat2 : 2000€-4000€"
"H";35;"CDI";"35";6175.8667;38;"0";"1";9.7;"RH";"Non";29;"Temps Complet";"30ans-39ans";8522.7;"40.0";"Homme";"Cat2 : 5ans-10ans";1;"Cat4 : 6000€-9000€"
"F";55;"CDD";"35";2426.6667;21;;;0.6;"Marketing";"Oui";70;"Temps Complet";"50ans-59ans";2936.27;"60.0";"Femme";"Cat1 : Moins de 5 ans";1;"Cat2 : 2000€-4000€"
"F";66;"CDI";"35";7898.8;35;"0";"1";23;"Compta Finances";"Oui";65;"Temps Complet";"60ans et plus";10663.38;"70.0";"Femme";"Cat4 : 15ans et plus";1;"Cat5 : plus de 9000€"
"H";51;"CDI";"35";9447.3167;0;"1";"1";21.1;"Consultant";"Oui";1;"Temps Complet";"50ans-59ans";9447.32;"50.0";"Homme";"Cat4 : 15ans et plus";1;"Cat5 : plus de 9000€"
"H";54;"CDI";"35";2396.3333;11;"0";"1";21.6;"Commercial";"Oui";62;"Temps Complet";"50ans-59ans";2659.93;"50.0";"Homme";"Cat4 : 15ans et plus";1;"Cat2 : 2000€-4000€"
"H";38;"CDI";"35";8716.2833;20;"0";"0";8.3;"R&D";"Non";93;"Temps Complet";"30ans-39ans";10459.54;"40.0";"Homme";"Cat2 : 5ans-10ans";1;"Cat5 : plus de 9000€"
"F";54;"CDI";"35";2731.5167;4;"1";"1";16.2;"Consultant";"Oui";3;"Temps Complet";"50ans-59ans";2840.78;"50.0";"Femme";"Cat4 : 15ans et plus";1;"Cat2 : 2000€-4000€"
"F";51;"CDI";"35";7942.7833;38;"1";"0";10.8;"Commercial";"Oui";78;"Temps Complet";"50ans-59ans";10961.04;"50.0";"Femme";"Cat3 : 10ans-15ans";1;"Cat5 : plus de 9000€"
"H";38;"CDI";"35";7178.3833;38;"1";"0";6.5;"Consultant";"Oui";89;"Temps Complet";"30ans-39ans";9906.17;"40.0";"Homme";"Cat2 : 5ans-10ans";1;"Cat5 : plus de 9000€"
"F";39;"CDI";"35";5585.8833;17;"1";"0";15.7;"Consultant";"Non";50;"Temps Complet";"30ans-39ans";6535.48;"40.0";"Femme";"Cat4 : 15ans et plus";1;"Cat4 : 6000€-9000€"
"H";43;"CDI";"35";8277.9667;10;"0";"0";20.4;"RH";"Non";78;"Temps Complet";"40ans-49ans";9105.76;"40.0";"Homme";"Cat4 : 15ans et plus";1;"Cat5 : plus de 9000€"
"F";41;"CDI";"35";2369.0333;20;"0";"0";12.8;"Commercial";"Oui";52;"Temps Complet";"40ans-49ans";2842.84;"40.0";"Femme";"Cat3 : 10ans-15ans";1;"Cat2 : 2000€-4000€"
"H";46;"CDI";"35";3462.55;3;"1";"0";20.6;"Marketing";"Oui";99;"Temps Complet";"40ans-49ans";3566.43;"50.0";"Homme";"Cat4 : 15ans et plus";1;"Cat2 : 2000€-4000€"
"H";43;"CDI";"35";2511.6;21;"0";"1";9.2;"Commercial";"Oui";79;"Temps Complet";"40ans-49ans";3039.04;"40.0";"Homme";"Cat2 : 5ans-10ans";1;"Cat2 : 2000€-4000€"
"H";60;"CDI";"35";9400.3;3;"1";"1";20.1;"Consultant";"Non";25;"Temps Complet";"60ans et plus";9682.31;"60.0";"Homme";"Cat4 : 15ans et plus";1;"Cat5 : plus de 9000€"
"F";51;"CDD";"35";3640;6;;;1.1;"Marketing";"Oui";96;"Temps Complet";"50ans-59ans";3858.4;"50.0";"Femme";"Cat1 : Moins de 5 ans";1;"Cat2 : 2000€-4000€"
"F";54;"CDI";"35";1774.5;16;"1";"1";5.5;"Consultant";"Non";47;"Temps Complet";"50ans-59ans";2058.42;"50.0";"Femme";"Cat2 : 5ans-10ans";1;"Cat2 : 2000€-4000€"
"F";45;"CDI";"35";3597.5333;32;"1";"1";16.8;"Marketing";"Oui";38;"Temps Complet";"40ans-49ans";4748.74;"40.0";"Femme";"Cat4 : 15ans et plus";1;"Cat3 : 4000€-6000€"
"F";55;"CDI";"24";5951.92;32;"1";"0";8.2;"Marketing";"Oui";1;"Temps Partiel";"50ans-59ans";7856.53;"60.0";"Femme";"Cat2 : 5ans-10ans";1;"Cat4 : 6000€-9000€"
"F";32;"CDD";"35";3201.6833;38;;;0.8;"Compta Finances";"Oui";45;"Temps Complet";"30ans-39ans";4418.32;"30.0";"Femme";"Cat1 : Moins de 5 ans";1;"Cat3 : 4000€-6000€"
"H";59;"CDI";"35";3335.15;28;"1";"0";7.5;"RH";"Non";90;"Temps Complet";"50ans-59ans";4268.99;"60.0";"Homme";"Cat2 : 5ans-10ans";1;"Cat3 : 4000€-6000€"
"F";45;"CDI";"35";4712.2833;26;"1";"1";12;"Consultant";"Oui";46;"Temps Complet";"40ans-49ans";5937.48;"40.0";"Femme";"Cat3 : 10ans-15ans";1;"Cat3 : 4000€-6000€"
"H";51;"CDI";"35";5984.7667;6;"0";"1";24.9;"Commercial";"Non";17;"Temps Complet";"50ans-59ans";6343.85;"50.0";"Homme";"Cat4 : 15ans et plus";1;"Cat4 : 6000€-9000€"
"F";60;"CDI";"35";2928.6833;33;"1";"1";5.3;"Commercial";"Oui";97;"Temps Complet";"60ans et plus";3895.15;"60.0";"Femme";"Cat2 : 5ans-10ans";1;"Cat2 : 2000€-4000€"
"F";63;"CDI";"35";6301.75;34;"0";"1";9.7;"Consultant";"Oui";39;"Temps Complet";"60ans et plus";8444.35;"60.0";"Femme";"Cat2 : 5ans-10ans";1;"Cat4 : 6000€-9000€"
"F";55;"CDI";"35";3218.3667;27;"1";"0";19.3;"RH";"Non";23;"Temps Complet";"50ans-59ans";4087.33;"60.0";"Femme";"Cat4 : 15ans et plus";1;"Cat3 : 4000€-6000€"
"H";37;"CDI";"35";1803.3167;8;"1";"0";4.4;"Consultant";"Oui";81;"Temps Complet";"30ans-39ans";1947.58;"40.0";"Homme";"Cat1 : Moins de 5 ans";1;"Cat1 : Moins de 2000€"
"H";59;"CDI";"35";7263.3167;30;"1";"0";12.7;"RH";"Oui";84;"Temps Complet";"50ans-59ans";9442.31;"60.0";"Homme";"Cat3 : 10ans-15ans";1;"Cat5 : plus de 9000€"
"F";61;"CDI";"35";2912;35;"0";"1";4.2;"Marketing";"Oui";40;"Temps Complet";"60ans et plus";3931.2;"60.0";"Femme";"Cat1 : Moins de 5 ans";1;"Cat2 : 2000€-4000€"
"H";59;"CDI";"35";6409.4333;21;"0";"1";7.1;"Consultant";"Non";80;"Temps Complet";"50ans-59ans";7755.41;"60.0";"Homme";"Cat2 : 5ans-10ans";1;"Cat4 : 6000€-9000€"
"H";56;"CDI";"35";1772.9833;20;"1";"1";16.4;"Compta Finances";"Non";44;"Temps Complet";"50ans-59ans";2127.58;"60.0";"Homme";"Cat4 : 15ans et plus";1;"Cat2 : 2000€-4000€"
"F";40;"CDI";"35";6902.35;17;"0";"1";17.3;"Commercial";"Non";21;"Temps Complet";"40ans-49ans";8075.75;"40.0";"Femme";"Cat4 : 15ans et plus";1;"Cat4 : 6000€-9000€"
"H";36;"CDI";"24";4795.44;19;"0";"1";5.6;"Consultant";"Oui";33;"Temps Partiel";"30ans-39ans";5706.57;"40.0";"Homme";"Cat2 : 5ans-10ans";1;"Cat3 : 4000€-6000€"
"H";48;"CDI";"35";3803.8;30;"0";"0";20.4;"RH";"Non";39;"Temps Complet";"40ans-49ans";4944.94;"50.0";"Homme";"Cat4 : 15ans et plus";1;"Cat3 : 4000€-6000€"
"F";42;"CDI";"35";3547.4833;39;"1";"0";11.7;"Consultant";"Non";1;"Temps Complet";"40ans-49ans";4931;"40.0";"Femme";"Cat3 : 10ans-15ans";1;"Cat3 : 4000€-6000€"
"F";44;"CDI";"35";2916.55;35;"1";"1";10.2;"Commercial";"Non";98;"Temps Complet";"40ans-49ans";3937.34;"40.0";"Femme";"Cat3 : 10ans-15ans";1;"Cat2 : 2000€-4000€"
"F";40;"CDI";"24";1059.76;1;"0";"1";11.9;"Compta Finances";"Non";68;"Temps Partiel";"40ans-49ans";1070.36;"40.0";"Femme";"Cat3 : 10ans-15ans";1;"Cat1 : Moins de 2000€"
"H";51;"CDI";"35";7927.6167;32;"1";"0";10;"Commercial";"Oui";42;"Temps Complet";"50ans-59ans";10464.45;"50.0";"Homme";"Cat3 : 10ans-15ans";1;"Cat5 : plus de 9000€"
"F";44;"CDI";"35";8332.5667;12;"0";"0";5.2;"Compta Finances";"Non";42;"Temps Complet";"40ans-49ans";9332.47;"40.0";"Femme";"Cat2 : 5ans-10ans";1;"Cat5 : plus de 9000€"
"F";48;"CDI";"35";4082.8667;28;"0";"1";22.3;"Marketing";"Non";74;"Temps Complet";"40ans-49ans";5226.07;"50.0";"Femme";"Cat4 : 15ans et plus";1;"Cat3 : 4000€-6000€"
"H";41;"CDI";"35";9785.5333;28;"0";"1";17.2;"Commercial";"Oui";40;"Temps Complet";"40ans-49ans";12525.48;"40.0";"Homme";"Cat4 : 15ans et plus";1;"Cat5 : plus de 9000€"
"H";57;"CDI";"35";4421.0833;6;"1";"1";14.2;"Compta Finances";"Non";28;"Temps Complet";"50ans-59ans";4686.35;"60.0";"Homme";"Cat3 : 10ans-15ans";1;"Cat3 : 4000€-6000€"
"H";52;"CDI";"35";2843.75;2;"0";"0";12.5;"Consultant";"Non";69;"Temps Complet";"50ans-59ans";2900.62;"50.0";"Homme";"Cat3 : 10ans-15ans";1;"Cat2 : 2000€-4000€"
"H";48;"CDI";"35";8563.1;7;"0";"0";21.5;"RH";"Oui";87;"Temps Complet";"40ans-49ans";9162.52;"50.0";"Homme";"Cat4 : 15ans et plus";1;"Cat5 : plus de 9000€"
"H";55;"CDI";"35";4988.3167;8;"0";"0";22.2;"Compta Finances";"Non";52;"Temps Complet";"50ans-59ans";5387.38;"60.0";"Homme";"Cat4 : 15ans et plus";1;"Cat3 : 4000€-6000€"
"H";55;"CDI";"28";7269.08;7;"1";"1";9.2;"Consultant";"Oui";5;"Temps Partiel";"50ans-59ans";7777.92;"60.0";"Homme";"Cat2 : 5ans-10ans";1;"Cat4 : 6000€-9000€"
"H";33;"CDI";"35";1669.85;22;"1";"0";12.4;"Marketing";"Non";32;"Temps Complet";"30ans-39ans";2037.22;"30.0";"Homme";"Cat3 : 10ans-15ans";1;"Cat2 : 2000€-4000€"
"H";54;"CDI";"35";7098;1;"1";"1";23.2;"Commercial";"Oui";39;"Temps Complet";"50ans-59ans";7168.98;"50.0";"Homme";"Cat4 : 15ans et plus";1;"Cat4 : 6000€-9000€"
"H";64;"CDI";"35";6526.2167;36;"0";"1";22.8;"R&D";"Oui";4;"Temps Complet";"60ans et plus";8875.65;"60.0";"Homme";"Cat4 : 15ans et plus";1;"Cat4 : 6000€-9000€"
"F";58;"CDI";"35";8422.05;38;"0";"1";11.7;"Compta Finances";"Oui";96;"Temps Complet";"50ans-59ans";11622.43;"60.0";"Femme";"Cat3 : 10ans-15ans";1;"Cat5 : plus de 9000€"
"H";40;"CDI";"35";8337.1167;16;"0";"1";6.3;"Commercial";"Oui";14;"Temps Complet";"40ans-49ans";9671.06;"40.0";"Homme";"Cat2 : 5ans-10ans";1;"Cat5 : plus de 9000€"
"F";46;"CDI";"35";9777.95;4;"1";"0";10.5;"Commercial";"Non";13;"Temps Complet";"40ans-49ans";10169.07;"50.0";"Femme";"Cat3 : 10ans-15ans";1;"Cat5 : plus de 9000€"
"H";43;"CDI";"35";3677.9167;33;"0";"0";22.6;"Commercial";"Non";95;"Temps Complet";"40ans-49ans";4891.63;"40.0";"Homme";"Cat4 : 15ans et plus";1;"Cat3 : 4000€-6000€"
"H";46;"CDI";"35";9940.2333;24;"0";"0";22.7;"Marketing";"Non";45;"Temps Complet";"40ans-49ans";12325.89;"50.0";"Homme";"Cat4 : 15ans et plus";1;"Cat5 : plus de 9000€"
"H";62;"CDI";"35";2777.0167;10;"1";"0";23.5;"Consultant";"Oui";66;"Temps Complet";"60ans et plus";3054.72;"60.0";"Homme";"Cat4 : 15ans et plus";1;"Cat2 : 2000€-4000€"
"F";51;"CDI";"35";6818.9333;14;"1";"0";24.3;"Commercial";"Non";47;"Temps Complet";"50ans-59ans";7773.58;"50.0";"Femme";"Cat4 : 15ans et plus";1;"Cat4 : 6000€-9000€"
"F";53;"CDI";"35";4424.1167;30;"0";"0";24.2;"Marketing";"Non";29;"Temps Complet";"50ans-59ans";5751.35;"50.0";"Femme";"Cat4 : 15ans et plus";1;"Cat3 : 4000€-6000€"
"H";37;"CDI";"35";9928.1;27;"1";"0";10;"RH";"Oui";58;"Temps Complet";"30ans-39ans";12608.69;"40.0";"Homme";"Cat3 : 10ans-15ans";1;"Cat5 : plus de 9000€"
"F";62;"CDD";"35";2123.3333;39;;;1.8;"Compta Finances";"Non";84;"Temps Complet";"60ans et plus";2951.43;"60.0";"Femme";"Cat1 : Moins de 5 ans";1;"Cat2 : 2000€-4000€"
"H";59;"CDI";"35";4263.35;31;"0";"0";15.7;"Compta Finances";"Non";48;"Temps Complet";"50ans-59ans";5584.99;"60.0";"Homme";"Cat4 : 15ans et plus";1;"Cat3 : 4000€-6000€"
"F";52;"CDI";"35";8629.8333;3;"0";"0";19.4;"Commercial";"Non";44;"Temps Complet";"50ans-59ans";8888.73;"50.0";"Femme";"Cat4 : 15ans et plus";1;"Cat4 : 6000€-9000€"
"F";61;"CDI";"35";4663.75;5;"0";"1";24.4;"R&D";"Oui";32;"Temps Complet";"60ans et plus";4896.94;"60.0";"Femme";"Cat4 : 15ans et plus";1;"Cat3 : 4000€-6000€"
"F";42;"CDI";"24";4851.6;14;"0";"0";20.6;"RH";"Oui";11;"Temps Partiel";"40ans-49ans";5530.82;"40.0";"Femme";"Cat4 : 15ans et plus";1;"Cat3 : 4000€-6000€"
"H";48;"CDI";"35";5930.1667;33;"0";"0";5.9;"Marketing";"Non";37;"Temps Complet";"40ans-49ans";7887.12;"50.0";"Homme";"Cat2 : 5ans-10ans";1;"Cat4 : 6000€-9000€"
"F";47;"CDI";"35";7496.8833;6;"1";"0";21.9;"Commercial";"Non";77;"Temps Complet";"40ans-49ans";7946.7;"50.0";"Femme";"Cat4 : 15ans et plus";1;"Cat4 : 6000€-9000€"
"F";38;"CDI";"35";8108.1;38;"0";"0";11.7;"RH";"Oui";69;"Temps Complet";"30ans-39ans";11189.18;"40.0";"Femme";"Cat3 : 10ans-15ans";1;"Cat5 : plus de 9000€"
"H";43;"CDI";"35";6121.2667;32;"0";"0";20.5;"Commercial";"Oui";7;"Temps Complet";"40ans-49ans";8080.07;"40.0";"Homme";"Cat4 : 15ans et plus";1;"Cat4 : 6000€-9000€"
"F";54;"CDI";"35";4563.65;38;"1";"0";16.2;"Marketing";"Oui";51;"Temps Complet";"50ans-59ans";6297.84;"50.0";"Femme";"Cat4 : 15ans et plus";1;"Cat4 : 6000€-9000€"
"H";52;"CDI";"35";9978.15;34;"0";"1";13;"Compta Finances";"Oui";78;"Temps Complet";"50ans-59ans";13370.72;"50.0";"Homme";"Cat3 : 10ans-15ans";1;"Cat5 : plus de 9000€"
"H";44;"CDI";"35";4624.3167;15;"0";"0";10.2;"Marketing";"Non";92;"Temps Complet";"40ans-49ans";5317.96;"40.0";"Homme";"Cat3 : 10ans-15ans";1;"Cat3 : 4000€-6000€"
"F";54;"CDI";"35";2079.35;7;"1";"1";13.7;"Compta Finances";"Oui";40;"Temps Complet";"50ans-59ans";2224.9;"50.0";"Femme";"Cat3 : 10ans-15ans";1;"Cat2 : 2000€-4000€"
"H";65;"CDI";"24";2055.04;12;"0";"1";13.2;"Consultant";"Non";37;"Temps Partiel";"60ans et plus";2301.64;"60.0";"Homme";"Cat3 : 10ans-15ans";1;"Cat2 : 2000€-4000€"
"H";52;"CDI";"35";9573.2;7;"0";"0";18.7;"Commercial";"Oui";48;"Temps Complet";"50ans-59ans";10243.32;"50.0";"Homme";"Cat4 : 15ans et plus";1;"Cat5 : plus de 9000€"
"F";67;"CDI";"35";4289.1333;12;"0";"1";12.6;"Consultant";"Oui";82;"Temps Complet";"60ans et plus";4803.83;"70.0";"Femme";"Cat3 : 10ans-15ans";1;"Cat3 : 4000€-6000€"
"F";54;"CDI";"35";8056.5333;14;"0";"0";21.8;"Marketing";"Oui";75;"Temps Complet";"50ans-59ans";9184.45;"50.0";"Femme";"Cat4 : 15ans et plus";1;"Cat5 : plus de 9000€"
"H";45;"CDD";"35";3693.0833;24;;;0.3;"Marketing";"Non";25;"Temps Complet";"40ans-49ans";4579.42;"40.0";"Homme";"Cat1 : Moins de 5 ans";1;"Cat3 : 4000€-6000€"
"F";54;"CDI";"35";5106.6167;10;"0";"1";9.8;"RH";"Non";77;"Temps Complet";"50ans-59ans";5617.28;"50.0";"Femme";"Cat2 : 5ans-10ans";1;"Cat3 : 4000€-6000€"
"H";55;"CDD";"32";2357.3333;12;;;1.2;"Consultant";"Non";100;"Temps Partiel";"50ans-59ans";2640.21;"60.0";"Homme";"Cat1 : Moins de 5 ans";1;"Cat2 : 2000€-4000€"
"F";41;"CDI";"35";3260.8333;30;"1";"0";17;"Commercial";"Oui";42;"Temps Complet";"40ans-49ans";4239.08;"40.0";"Femme";"Cat4 : 15ans et plus";1;"Cat3 : 4000€-6000€"
"H";56;"CDI";"35";4449.9;33;"1";"1";2.9;"Consultant";"Non";2;"Temps Complet";"50ans-59ans";5918.37;"60.0";"Homme";"Cat1 : Moins de 5 ans";1;"Cat3 : 4000€-6000€"
"F";51;"CDI";"35";7877.5667;36;"1";"0";22.2;"RH";"Non";63;"Temps Complet";"50ans-59ans";10713.49;"50.0";"Femme";"Cat4 : 15ans et plus";1;"Cat5 : plus de 9000€"
"H";42;"CDI";"35";4281.55;13;"1";"0";8.3;"Consultant";"Non";50;"Temps Complet";"40ans-49ans";4838.15;"40.0";"Homme";"Cat2 : 5ans-10ans";1;"Cat3 : 4000€-6000€"
"H";45;"CDI";"35";4134.4333;22;"0";"0";22.8;"Consultant";"Non";34;"Temps Complet";"40ans-49ans";5044.01;"40.0";"Homme";"Cat4 : 15ans et plus";1;"Cat3 : 4000€-6000€"
"F";59;"CDI";"35";3256.2833;34;"0";"0";8.8;"Marketing";"Non";25;"Temps Complet";"50ans-59ans";4363.42;"60.0";"Femme";"Cat2 : 5ans-10ans";1;"Cat3 : 4000€-6000€"
"F";65;"CDI";"35";6591.4333;19;"0";"0";20.2;"Consultant";"Oui";63;"Temps Complet";"60ans et plus";7843.81;"60.0";"Femme";"Cat4 : 15ans et plus";1;"Cat4 : 6000€-9000€"
"H";65;"CDI";"35";8696.5667;37;"0";"1";8.7;"Compta Finances";"Oui";26;"Temps Complet";"60ans et plus";11914.3;"60.0";"Homme";"Cat2 : 5ans-10ans";1;"Cat5 : plus de 9000€"
"F";48;"CDI";"35";2073.2833;28;"0";"1";21.1;"Consultant";"Non";59;"Temps Complet";"40ans-49ans";2653.8;"50.0";"Femme";"Cat4 : 15ans et plus";1;"Cat2 : 2000€-4000€"
"H";48;"CDI";"28";5097.2133;10;"1";"0";9.3;"Consultant";"Non";62;"Temps Partiel";"40ans-49ans";5606.93;"50.0";"Homme";"Cat2 : 5ans-10ans";1;"Cat3 : 4000€-6000€"
"H";41;"CDI";"35";7710.7333;27;"0";"1";7.5;"RH";"Oui";86;"Temps Complet";"40ans-49ans";9792.63;"40.0";"Homme";"Cat2 : 5ans-10ans";1;"Cat5 : plus de 9000€"
"H";37;"CDI";"35";3882.6667;1;"0";"1";11.8;"RH";"Non";49;"Temps Complet";"30ans-39ans";3921.49;"40.0";"Homme";"Cat3 : 10ans-15ans";1;"Cat2 : 2000€-4000€"
"F";60;"CDI";"35";3835.65;26;"0";"1";14.9;"RH";"Oui";99;"Temps Complet";"60ans et plus";4832.92;"60.0";"Femme";"Cat3 : 10ans-15ans";1;"Cat3 : 4000€-6000€"
"F";62;"CDI";"35";9256.2167;1;"1";"0";7.4;"Compta Finances";"Non";84;"Temps Complet";"60ans et plus";9348.78;"60.0";"Femme";"Cat2 : 5ans-10ans";1;"Cat5 : plus de 9000€"
"H";57;"CDI";"35";5455.45;7;"0";"1";19;"Consultant";"Oui";8;"Temps Complet";"50ans-59ans";5837.33;"60.0";"Homme";"Cat4 : 15ans et plus";1;"Cat3 : 4000€-6000€"
"H";57;"CDI";"35";8428.1167;18;"1";"0";20;"Commercial";"Oui";44;"Temps Complet";"50ans-59ans";9945.18;"60.0";"Homme";"Cat4 : 15ans et plus";1;"Cat5 : plus de 9000€"
"H";44;"CDI";"35";5810.35;36;"1";"0";5.8;"Consultant";"Oui";94;"Temps Complet";"40ans-49ans";7902.08;"40.0";"Homme";"Cat2 : 5ans-10ans";1;"Cat4 : 6000€-9000€"
"H";62;"CDI";"35";4022.2;14;"0";"1";15.6;"Marketing";"Non";37;"Temps Complet";"60ans et plus";4585.31;"60.0";"Homme";"Cat4 : 15ans et plus";1;"Cat3 : 4000€-6000€"
"H";61;"CDI";"35";5035.3333;24;"0";"1";24;"RH";"Oui";95;"Temps Complet";"60ans et plus";6243.81;"60.0";"Homme";"Cat4 : 15ans et plus";1;"Cat4 : 6000€-9000€"
"F";56;"CDI";"35";3797.7333;24;"0";"0";23.9;"RH";"Oui";29;"Temps Complet";"50ans-59ans";4709.19;"60.0";"Femme";"Cat4 : 15ans et plus";1;"Cat3 : 4000€-6000€"
"H";62;"CDI";"24";2735.2;27;"0";"1";21.2;"RH";"Non";47;"Temps Partiel";"60ans et plus";3473.7;"60.0";"Homme";"Cat4 : 15ans et plus";1;"Cat2 : 2000€-4000€"
"F";44;"CDI";"35";4763.85;7;"1";"0";10.8;"Marketing";"Oui";73;"Temps Complet";"40ans-49ans";5097.32;"40.0";"Femme";"Cat3 : 10ans-15ans";1;"Cat3 : 4000€-6000€"
"H";47;"CDI";"35";7654.6167;5;"1";"1";23.3;"R&D";"Oui";54;"Temps Complet";"40ans-49ans";8037.35;"50.0";"Homme";"Cat4 : 15ans et plus";1;"Cat4 : 6000€-9000€"
"F";38;"CDI";"35";8828.5167;17;"0";"1";10.6;"Commercial";"Non";84;"Temps Complet";"30ans-39ans";10329.36;"40.0";"Femme";"Cat3 : 10ans-15ans";1;"Cat5 : plus de 9000€"
"F";33;"CDI";"35";2008.0667;35;"0";"0";3.5;"Compta Finances";"Non";44;"Temps Complet";"30ans-39ans";2710.89;"30.0";"Femme";"Cat1 : Moins de 5 ans";1;"Cat2 : 2000€-4000€"
"F";38;"CDI";"35";4198.1333;34;"1";"1";4.8;"Compta Finances";"Non";14;"Temps Complet";"30ans-39ans";5625.5;"40.0";"Femme";"Cat1 : Moins de 5 ans";1;"Cat3 : 4000€-6000€"
"F";63;"CDI";"35";3800.7667;9;"1";"1";24.7;"Commercial";"Non";61;"Temps Complet";"60ans et plus";4142.84;"60.0";"Femme";"Cat4 : 15ans et plus";1;"Cat3 : 4000€-6000€"
"H";45;"CDI";"35";1979.25;6;"1";"1";5.5;"Compta Finances";"Non";31;"Temps Complet";"40ans-49ans";2098;"40.0";"Homme";"Cat2 : 5ans-10ans";1;"Cat2 : 2000€-4000€"
"H";56;"CDI";"35";2828.5833;21;"0";"0";24.2;"Commercial";"Oui";86;"Temps Complet";"50ans-59ans";3422.59;"60.0";"Homme";"Cat4 : 15ans et plus";1;"Cat2 : 2000€-4000€"
"H";54;"CDI";"24";6178.64;17;"0";"0";23.3;"R&D";"Oui";57;"Temps Partiel";"50ans-59ans";7229.01;"50.0";"Homme";"Cat4 : 15ans et plus";1;"Cat4 : 6000€-9000€"
"F";47;"CDI";"32";6743.36;4;"0";"0";22.7;"Compta Finances";"Oui";6;"Temps Partiel";"40ans-49ans";7013.09;"50.0";"Femme";"Cat4 : 15ans et plus";1;"Cat4 : 6000€-9000€"
"F";57;"CDI";"24";4882.8;17;"1";"1";9.9;"Commercial";"Oui";1;"Temps Partiel";"50ans-59ans";5712.88;"60.0";"Femme";"Cat2 : 5ans-10ans";1;"Cat3 : 4000€-6000€"
"H";43;"CDI";"35";5805.8;37;"0";"0";21.1;"Commercial";"Non";15;"Temps Complet";"40ans-49ans";7953.95;"40.0";"Homme";"Cat4 : 15ans et plus";1;"Cat4 : 6000€-9000€"
"F";40;"CDI";"35";9555;20;"1";"0";13.9;"Commercial";"Oui";15;"Temps Complet";"40ans-49ans";11466;"40.0";"Femme";"Cat3 : 10ans-15ans";1;"Cat5 : plus de 9000€"
"F";64;"CDI";"35";2070.25;34;"0";"0";3.8;"Commercial";"Non";58;"Temps Complet";"60ans et plus";2774.14;"60.0";"Femme";"Cat1 : Moins de 5 ans";1;"Cat2 : 2000€-4000€"
"F";59;"CDI";"35";5067.1833;39;"1";"0";15.1;"RH";"Non";55;"Temps Complet";"50ans-59ans";7043.38;"60.0";"Femme";"Cat4 : 15ans et plus";1;"Cat4 : 6000€-9000€"
"H";59;"CDI";"35";7713.7667;23;"1";"0";14.3;"Commercial";"Oui";31;"Temps Complet";"50ans-59ans";9487.93;"60.0";"Homme";"Cat3 : 10ans-15ans";1;"Cat5 : plus de 9000€"
"H";62;"CDI";"24";4165.2;12;"0";"1";22.6;"R&D";"Non";41;"Temps Partiel";"60ans et plus";4665.02;"60.0";"Homme";"Cat4 : 15ans et plus";1;"Cat3 : 4000€-6000€"
"F";49;"CDI";"35";7687.9833;9;"0";"0";17.3;"RH";"Non";47;"Temps Complet";"40ans-49ans";8379.9;"50.0";"Femme";"Cat4 : 15ans et plus";1;"Cat4 : 6000€-9000€"
"F";55;"CDI";"35";4204.2;39;"1";"1";9.3;"Compta Finances";"Oui";4;"Temps Complet";"50ans-59ans";5843.84;"60.0";"Femme";"Cat2 : 5ans-10ans";1;"Cat3 : 4000€-6000€"
"H";59;"CDI";"35";9488.2667;38;"1";"1";14.9;"Commercial";"Non";52;"Temps Complet";"50ans-59ans";13093.81;"60.0";"Homme";"Cat3 : 10ans-15ans";1;"Cat5 : plus de 9000€"
"H";67;"CDI";"35";3655.1667;33;"0";"1";19.3;"Marketing";"Oui";69;"Temps Complet";"60ans et plus";4861.37;"70.0";"Homme";"Cat4 : 15ans et plus";1;"Cat3 : 4000€-6000€"
"H";43;"CDD";"35";2558.6167;22;;;1.8;"Consultant";"Non";59;"Temps Complet";"40ans-49ans";3121.51;"40.0";"Homme";"Cat1 : Moins de 5 ans";1;"Cat2 : 2000€-4000€"
"F";50;"CDI";"35";6413.9833;24;"1";"0";7.2;"Consultant";"Oui";72;"Temps Complet";"50ans-59ans";7953.34;"50.0";"Femme";"Cat2 : 5ans-10ans";1;"Cat4 : 6000€-9000€"
"F";52;"CDI";"35";1703.2167;39;"1";"0";5.7;"Consultant";"Non";87;"Temps Complet";"50ans-59ans";2367.47;"50.0";"Femme";"Cat2 : 5ans-10ans";1;"Cat2 : 2000€-4000€"
"F";42;"CDI";"35";2027.7833;19;"0";"1";6.6;"Consultant";"Non";92;"Temps Complet";"40ans-49ans";2413.06;"40.0";"Femme";"Cat2 : 5ans-10ans";1;"Cat2 : 2000€-4000€"
"H";41;"CDI";"35";7637.9333;27;"0";"0";13.8;"Marketing";"Non";59;"Temps Complet";"40ans-49ans";9700.18;"40.0";"Homme";"Cat3 : 10ans-15ans";1;"Cat5 : plus de 9000€"
"H";53;"CDI";"35";9573.2;5;"1";"0";7.9;"R&D";"Oui";77;"Temps Complet";"50ans-59ans";10051.86;"50.0";"Homme";"Cat2 : 5ans-10ans";1;"Cat5 : plus de 9000€"
"H";66;"CDI";"35";7185.9667;7;"1";"1";5.5;"Compta Finances";"Non";66;"Temps Complet";"60ans et plus";7688.98;"70.0";"Homme";"Cat2 : 5ans-10ans";1;"Cat4 : 6000€-9000€"
"F";58;"CDI";"35";5076.2833;33;"0";"0";4.4;"RH";"Non";20;"Temps Complet";"50ans-59ans";6751.46;"60.0";"Femme";"Cat1 : Moins de 5 ans";1;"Cat4 : 6000€-9000€"
"F";38;"CDI";"35";1598.5667;18;"0";"1";14;"Marketing";"Non";40;"Temps Complet";"30ans-39ans";1886.31;"40.0";"Femme";"Cat3 : 10ans-15ans";1;"Cat1 : Moins de 2000€"
"H";55;"CDI";"35";5212.7833;11;"0";"0";4.2;"R&D";"Oui";32;"Temps Complet";"50ans-59ans";5786.19;"60.0";"Homme";"Cat1 : Moins de 5 ans";1;"Cat3 : 4000€-6000€"
"F";48;"CDI";"35";8655.6167;26;"1";"0";15.8;"Compta Finances";"Oui";25;"Temps Complet";"40ans-49ans";10906.08;"50.0";"Femme";"Cat4 : 15ans et plus";1;"Cat5 : plus de 9000€"
"H";63;"CDI";"35";3891.7667;32;"0";"0";7.2;"Consultant";"Oui";13;"Temps Complet";"60ans et plus";5137.13;"60.0";"Homme";"Cat2 : 5ans-10ans";1;"Cat3 : 4000€-6000€"
"F";48;"CDI";"35";9218.3;4;"0";"0";6.7;"Marketing";"Oui";69;"Temps Complet";"40ans-49ans";9587.03;"50.0";"Femme";"Cat2 : 5ans-10ans";1;"Cat5 : plus de 9000€"
"F";58;"CDI";"35";2309.8833;23;"0";"0";8.2;"Commercial";"Non";63;"Temps Complet";"50ans-59ans";2841.16;"60.0";"Femme";"Cat2 : 5ans-10ans";1;"Cat2 : 2000€-4000€"
"H";59;"CDI";"35";9642.9667;17;"0";"0";19;"RH";"Non";3;"Temps Complet";"50ans-59ans";11282.27;"60.0";"Homme";"Cat4 : 15ans et plus";1;"Cat5 : plus de 9000€"
"H";47;"CDI";"35";9635.3833;19;"1";"0";6.4;"RH";"Oui";32;"Temps Complet";"40ans-49ans";11466.11;"50.0";"Homme";"Cat2 : 5ans-10ans";1;"Cat5 : plus de 9000€"
"F";57;"CDI";"24";3853.2;9;"1";"1";24.8;"Compta Finances";"Oui";47;"Temps Partiel";"50ans-59ans";4199.99;"60.0";"Femme";"Cat4 : 15ans et plus";1;"Cat3 : 4000€-6000€"
"F";41;"CDI";"35";4013.1;12;"0";"1";8.1;"Compta Finances";"Non";93;"Temps Complet";"40ans-49ans";4494.67;"40.0";"Femme";"Cat2 : 5ans-10ans";1;"Cat3 : 4000€-6000€"
"H";57;"CDI";"35";6973.6333;31;"0";"1";19.1;"Consultant";"Oui";99;"Temps Complet";"50ans-59ans";9135.46;"60.0";"Homme";"Cat4 : 15ans et plus";1;"Cat5 : plus de 9000€"
"H";51;"CDI";"35";2024.75;4;"1";"0";14.2;"Consultant";"Oui";42;"Temps Complet";"50ans-59ans";2105.74;"50.0";"Homme";"Cat3 : 10ans-15ans";1;"Cat2 : 2000€-4000€"
"H";54;"CDI";"35";6398.8167;11;"1";"0";7;"Consultant";"Non";68;"Temps Complet";"50ans-59ans";7102.69;"50.0";"Homme";"Cat2 : 5ans-10ans";1;"Cat4 : 6000€-9000€"
"H";47;"CDI";"35";4000.9667;40;"1";"1";24.2;"Consultant";"Oui";60;"Temps Complet";"40ans-49ans";5601.35;"50.0";"Homme";"Cat4 : 15ans et plus";1;"Cat3 : 4000€-6000€"
"H";49;"CDI";"35";6043.9167;3;"1";"1";16.9;"Consultant";"Oui";36;"Temps Complet";"40ans-49ans";6225.23;"50.0";"Homme";"Cat4 : 15ans et plus";1;"Cat4 : 6000€-9000€"
"H";52;"CDI";"35";2918.0667;39;"1";"1";21.2;"Consultant";"Non";89;"Temps Complet";"50ans-59ans";4056.11;"50.0";"Homme";"Cat4 : 15ans et plus";1;"Cat3 : 4000€-6000€"
"H";50;"CDI";"35";6031.7833;39;"1";"0";19.2;"Commercial";"Oui";74;"Temps Complet";"50ans-59ans";8384.18;"50.0";"Homme";"Cat4 : 15ans et plus";1;"Cat4 : 6000€-9000€"
"H";41;"CDI";"35";2561.65;13;"0";"0";17.4;"Consultant";"Oui";68;"Temps Complet";"40ans-49ans";2894.66;"40.0";"Homme";"Cat4 : 15ans et plus";1;"Cat2 : 2000€-4000€"
"F";52;"CDI";"24";2507.44;18;"1";"1";16.2;"RH";"Oui";98;"Temps Partiel";"50ans-59ans";2958.78;"50.0";"Femme";"Cat4 : 15ans et plus";1;"Cat2 : 2000€-4000€"
"H";59;"CDI";"35";2675.4;20;"1";"0";3.4;"Consultant";"Oui";60;"Temps Complet";"50ans-59ans";3210.48;"60.0";"Homme";"Cat1 : Moins de 5 ans";1;"Cat2 : 2000€-4000€"
"F";47;"CDI";"35";7601.5333;19;"1";"1";12.5;"Compta Finances";"Non";55;"Temps Complet";"40ans-49ans";9045.82;"50.0";"Femme";"Cat3 : 10ans-15ans";1;"Cat5 : plus de 9000€"
"H";45;"CDI";"35";6494.3667;1;"0";"0";6;"R&D";"Oui";30;"Temps Complet";"40ans-49ans";6559.31;"40.0";"Homme";"Cat2 : 5ans-10ans";1;"Cat4 : 6000€-9000€"
"F";60;"CDI";"35";3012.1;19;"1";"1";16.2;"RH";"Non";15;"Temps Complet";"60ans et plus";3584.4;"60.0";"Femme";"Cat4 : 15ans et plus";1;"Cat2 : 2000€-4000€"
"F";55;"CDI";"35";6127.3333;0;"1";"0";14.3;"Compta Finances";"Non";94;"Temps Complet";"50ans-59ans";6127.33;"60.0";"Femme";"Cat3 : 10ans-15ans";1;"Cat4 : 6000€-9000€"
"H";67;"CDI";"35";2834.65;15;"1";"0";6.2;"Consultant";"Non";24;"Temps Complet";"60ans et plus";3259.85;"70.0";"Homme";"Cat2 : 5ans-10ans";1;"Cat2 : 2000€-4000€"
"F";51;"CDI";"35";6212.2667;5;"1";"0";4.6;"Commercial";"Oui";3;"Temps Complet";"50ans-59ans";6522.88;"50.0";"Femme";"Cat1 : Moins de 5 ans";1;"Cat4 : 6000€-9000€"
"F";36;"CDI";"35";6838.65;5;"0";"0";3;"Commercial";"Non";41;"Temps Complet";"30ans-39ans";7180.58;"40.0";"Femme";"Cat1 : Moins de 5 ans";1;"Cat4 : 6000€-9000€"
"F";58;"CDI";"35";5739.0667;6;"1";"1";24.7;"Consultant";"Non";51;"Temps Complet";"50ans-59ans";6083.41;"60.0";"Femme";"Cat4 : 15ans et plus";1;"Cat4 : 6000€-9000€"
"H";37;"CDI";"35";5949.8833;17;"1";"0";16.2;"Commercial";"Oui";41;"Temps Complet";"30ans-39ans";6961.36;"40.0";"Homme";"Cat4 : 15ans et plus";1;"Cat4 : 6000€-9000€"
"H";65;"CDI";"35";8696.5667;34;"1";"0";13.1;"Marketing";"Oui";89;"Temps Complet";"60ans et plus";11653.4;"60.0";"Homme";"Cat3 : 10ans-15ans";1;"Cat5 : plus de 9000€"
"F";52;"CDI";"35";9497.3667;17;"1";"1";13.8;"Commercial";"Oui";81;"Temps Complet";"50ans-59ans";11111.92;"50.0";"Femme";"Cat3 : 10ans-15ans";1;"Cat5 : plus de 9000€"
"H";59;"CDI";"35";5749.6833;17;"0";"0";13.8;"Commercial";"Non";19;"Temps Complet";"50ans-59ans";6727.13;"60.0";"Homme";"Cat3 : 10ans-15ans";1;"Cat4 : 6000€-9000€"
"F";38;"CDI";"35";7889.7;27;"0";"1";16.5;"Compta Finances";"Non";53;"Temps Complet";"30ans-39ans";10019.92;"40.0";"Femme";"Cat4 : 15ans et plus";1;"Cat5 : plus de 9000€"
"H";42;"CDI";"35";3436.7667;27;"1";"1";10.3;"Compta Finances";"Oui";44;"Temps Complet";"40ans-49ans";4364.69;"40.0";"Homme";"Cat3 : 10ans-15ans";1;"Cat3 : 4000€-6000€"
"H";41;"CDI";"24";5724.16;15;"1";"1";18.6;"Compta Finances";"Non";100;"Temps Partiel";"40ans-49ans";6582.78;"40.0";"Homme";"Cat4 : 15ans et plus";1;"Cat4 : 6000€-9000€"
"F";41;"CDI";"35";8746.6167;19;"0";"1";5.2;"RH";"Non";62;"Temps Complet";"40ans-49ans";10408.47;"40.0";"Femme";"Cat2 : 5ans-10ans";1;"Cat5 : plus de 9000€"
"F";41;"CDI";"35";7148.05;21;"1";"1";7.9;"RH";"Oui";42;"Temps Complet";"40ans-49ans";8649.14;"40.0";"Femme";"Cat2 : 5ans-10ans";1;"Cat4 : 6000€-9000€"
"F";38;"CDD";"35";2226.4667;2;;;1.1;"Consultant";"Non";81;"Temps Complet";"30ans-39ans";2271;"40.0";"Femme";"Cat1 : Moins de 5 ans";1;"Cat2 : 2000€-4000€"
"H";35;"CDI";"28";7358.8667;31;"1";"1";9.9;"Marketing";"Non";17;"Temps Partiel";"30ans-39ans";9640.12;"40.0";"Homme";"Cat2 : 5ans-10ans";1;"Cat5 : plus de 9000€"
"F";56;"CDI";"24";3060.72;6;"0";"1";19.5;"RH";"Non";73;"Temps Partiel";"50ans-59ans";3244.36;"60.0";"Femme";"Cat4 : 15ans et plus";1;"Cat2 : 2000€-4000€"
"F";60;"CDI";"35";3459.5167;30;"0";"0";10.3;"Consultant";"Oui";25;"Temps Complet";"60ans et plus";4497.37;"60.0";"Femme";"Cat3 : 10ans-15ans";1;"Cat3 : 4000€-6000€"
"F";57;"CDI";"35";9162.1833;17;"1";"1";9.1;"Consultant";"Non";7;"Temps Complet";"50ans-59ans";10719.75;"60.0";"Femme";"Cat2 : 5ans-10ans";1;"Cat5 : plus de 9000€"
"F";37;"CDD";"35";1920.1;17;;;1.1;"Compta Finances";"Non";18;"Temps Complet";"30ans-39ans";2246.52;"40.0";"Femme";"Cat1 : Moins de 5 ans";1;"Cat2 : 2000€-4000€"
"H";49;"CDI";"35";7753.2;21;"1";"0";15.2;"Compta Finances";"Non";96;"Temps Complet";"40ans-49ans";9381.37;"50.0";"Homme";"Cat4 : 15ans et plus";1;"Cat5 : plus de 9000€"
"H";60;"CDI";"28";2813.72;8;"1";"1";13.3;"Consultant";"Non";9;"Temps Partiel";"60ans et plus";3038.82;"60.0";"Homme";"Cat3 : 10ans-15ans";1;"Cat2 : 2000€-4000€"
"H";48;"CDI";"35";7184.45;37;"1";"1";24.1;"Marketing";"Non";54;"Temps Complet";"40ans-49ans";9842.7;"50.0";"Homme";"Cat4 : 15ans et plus";1;"Cat5 : plus de 9000€"
"H";66;"CDI";"35";2604.1167;32;"1";"0";20.5;"Compta Finances";"Oui";70;"Temps Complet";"60ans et plus";3437.43;"70.0";"Homme";"Cat4 : 15ans et plus";1;"Cat2 : 2000€-4000€"
"F";67;"CDI";"35";5293.1667;39;"0";"1";18.6;"RH";"Non";30;"Temps Complet";"60ans et plus";7357.5;"70.0";"Femme";"Cat4 : 15ans et plus";1;"Cat4 : 6000€-9000€"
"F";53;"CDI";"35";6163.7333;16;"1";"1";23.9;"Commercial";"Oui";38;"Temps Complet";"50ans-59ans";7149.93;"50.0";"Femme";"Cat4 : 15ans et plus";1;"Cat4 : 6000€-9000€"
"F";66;"CDI";"24";4117.36;8;"1";"1";6.7;"RH";"Non";35;"Temps Partiel";"60ans et plus";4446.75;"70.0";"Femme";"Cat2 : 5ans-10ans";1;"Cat3 : 4000€-6000€"
"F";56;"CDI";"35";9426.0833;24;"1";"0";23.8;"Consultant";"Non";9;"Temps Complet";"50ans-59ans";11688.34;"60.0";"Femme";"Cat4 : 15ans et plus";1;"Cat5 : plus de 9000€"
"F";47;"CDI";"35";5092.9667;11;"1";"1";23.1;"Commercial";"Oui";31;"Temps Complet";"40ans-49ans";5653.19;"50.0";"Femme";"Cat4 : 15ans et plus";1;"Cat3 : 4000€-6000€"
"F";52;"CDI";"35";8126.3;36;"1";"0";18.2;"Commercial";"Oui";54;"Temps Complet";"50ans-59ans";11051.77;"50.0";"Femme";"Cat4 : 15ans et plus";1;"Cat5 : plus de 9000€"
"F";49;"CDI";"35";9782.5;38;"0";"1";6.3;"Consultant";"Non";69;"Temps Complet";"40ans-49ans";13499.85;"50.0";"Femme";"Cat2 : 5ans-10ans";1;"Cat5 : plus de 9000€"
"H";51;"CDI";"35";1590.9833;30;"1";"0";14.9;"Commercial";"Non";62;"Temps Complet";"50ans-59ans";2068.28;"50.0";"Homme";"Cat3 : 10ans-15ans";1;"Cat2 : 2000€-4000€"
"F";55;"CDI";"35";7637.9333;21;"1";"0";8.6;"RH";"Oui";84;"Temps Complet";"50ans-59ans";9241.9;"60.0";"Femme";"Cat2 : 5ans-10ans";1;"Cat5 : plus de 9000€"
"F";43;"CDI";"35";7304.2667;17;"1";"0";7.9;"Consultant";"Non";34;"Temps Complet";"40ans-49ans";8545.99;"40.0";"Femme";"Cat2 : 5ans-10ans";1;"Cat4 : 6000€-9000€"
"F";40;"CDI";"35";8328.0167;14;"1";"0";10.2;"Compta Finances";"Non";60;"Temps Complet";"40ans-49ans";9493.94;"40.0";"Femme";"Cat3 : 10ans-15ans";1;"Cat5 : plus de 9000€"
"F";48;"CDI";"32";8860.8;19;"1";"1";11.9;"RH";"Non";59;"Temps Partiel";"40ans-49ans";10544.35;"50.0";"Femme";"Cat3 : 10ans-15ans";1;"Cat5 : plus de 9000€"
"F";65;"CDI";"24";4974.32;32;"0";"1";11.8;"Commercial";"Oui";66;"Temps Partiel";"60ans et plus";6566.1;"60.0";"Femme";"Cat3 : 10ans-15ans";1;"Cat4 : 6000€-9000€"
"F";63;"CDI";"35";6583.85;13;"1";"1";12.6;"Marketing";"Non";67;"Temps Complet";"60ans et plus";7439.75;"60.0";"Femme";"Cat3 : 10ans-15ans";1;"Cat4 : 6000€-9000€"
